<?xml version="1.0" encoding="utf-8" standalone="yes"?>
<rss version="2.0" xmlns:atom="http://www.w3.org/2005/Atom">
  <channel>
    <title>SoundTown</title>
    <link>/</link>
    <description>Recent content on SoundTown</description>
    <generator>Hugo -- gohugo.io</generator>
    <language>id-ID</language>
    <lastBuildDate>Tue, 20 Jul 2021 20:19:50 +0700</lastBuildDate><atom:link href="/index.xml" rel="self" type="application/rss+xml" />
    <item>
      <title>Some Page</title>
      <link>/somepage/</link>
      <pubDate>Tue, 20 Jul 2021 20:19:50 +0700</pubDate>
      
      <guid>/somepage/</guid>
      <description>Lorem ipsum dolor sit amet, consectetur adipiscing elit. Tortor sed amet, luctus bibendum nunc, luctus lacus, amet.</description>
    </item>
    
  </channel>
</rss>
