<?xml version="1.0" encoding="utf-8" standalone="yes"?>
<rss version="2.0" xmlns:atom="http://www.w3.org/2005/Atom">
  <channel>
    <title>Tags on SoundTown</title>
    <link>/tags/</link>
    <description>Recent content in Tags on SoundTown</description>
    <generator>Hugo -- gohugo.io</generator>
    <language>id-ID</language>
    <lastBuildDate>Tue, 20 Jul 2021 20:19:50 +0700</lastBuildDate><atom:link href="/tags/index.xml" rel="self" type="application/rss+xml" />
    <item>
      <title>test</title>
      <link>/tags/test/</link>
      <pubDate>Tue, 20 Jul 2021 20:19:50 +0700</pubDate>
      
      <guid>/tags/test/</guid>
      <description></description>
    </item>
    
    <item>
      <title>test2</title>
      <link>/tags/test2/</link>
      <pubDate>Tue, 20 Jul 2021 20:19:50 +0700</pubDate>
      
      <guid>/tags/test2/</guid>
      <description></description>
    </item>
    
  </channel>
</rss>
