<?xml version="1.0" encoding="utf-8" standalone="yes"?>
<rss version="2.0" xmlns:atom="http://www.w3.org/2005/Atom">
  <channel>
    <title>Categories on SoundTown</title>
    <link>/categories/</link>
    <description>Recent content in Categories on SoundTown</description>
    <generator>Hugo -- gohugo.io</generator>
    <language>id-ID</language>
    <lastBuildDate>Tue, 20 Jul 2021 20:19:50 +0700</lastBuildDate><atom:link href="/categories/index.xml" rel="self" type="application/rss+xml" />
    <item>
      <title>tutorial</title>
      <link>/categories/tutorial/</link>
      <pubDate>Tue, 20 Jul 2021 20:19:50 +0700</pubDate>
      
      <guid>/categories/tutorial/</guid>
      <description></description>
    </item>
    
  </channel>
</rss>
